model,coef_starts,pvalue_starts,r2,rmse_loocv,rmse_in_sample
Baseline (mean),,,,,0.03048868273077178
OLS: achievement_rate ~ starts,-6.872308216706208e-07,0.353707867940927,0.02393428579037926,0.03254867406976863,0.030121610603547826
WLS (weights=starts): achievement_rate ~ starts,-1.3357389844264414e-06,0.0026394731918182746,0.2247606077790122,,0.03062399261584251
OLS: achievement_rate ~ log(starts),-0.0025379013308312257,0.7850851449850369,0.002092365853263556,0.03236674674375861,0.030456769289052974
